"","Arr","Sites","Quantity","Private","Type","Side","Date","UWS_subj","str_seedling","str_reproduction","str_dead","str_decomposition","str_strata","str_colours","spa_topography","spa_ distribution","spa_margins","spa_artifacts","spa_perception","ant_limiting","ant_pruning","ant_structures","ant_planting","ant_litter","Complexity - cumulative","Spatial - cumulative","Management - cumulative","Total wildness - cumulative","Complexity","Spatial","Management","Total wildness","Comments","Issues encountered","ID_site","geometry","fid","code_insee","code_iris","X_code_dep","X_nom_iris","X_type_iris","X_revenus_m","X_pop_tot21","X_pop_fr21","X_pop_etr21","X_pop_imm21","X_area_iris","X_id_row","X_area_TV_b","X_.area_TV_","revenus_me","X_d_iris_GI","X_d_iris_un"
"1","Ivry",1,1,0,"2","Even","August 2022",3,1,1,1,1,1,1,0,0,1,0,0,1,1,0,0,1,6,1,3,10,5,1,3,3,NA,NA,"IVR_1",c(655149.952954276, 6856693.15849632),7402,"94041","940410106","94","Parmentier Nord","H",19260,3442,2862,580,731,197139,826,53382,27,18758,0.386,4.7
"2","Ivry",2,1,0,"2","Even","October 2025",2,1,1,0,1,1,0,0,0,0,0,0,0,0,0,0,1,4,0,1,5,3.33333333333333,0,1,1.44444444444444,NA,NA,"IVR_2",c(654022.68215798, 6857722.74946701),9982,"94041","940410203","94","Petit Ivry Sud","H",21730,4314,3437,878,1261,359406,1428,105531,29,18758,0.386,4.7
"3","Ivry",3,1,0,"2","Odd","October 2025",1,1,0,1,1,1,0,0,0,0,0,0,1,0,0,0,0,4,0,1,5,3.33333333333333,0,1,1.44444444444444,NA,NA,"IVR_3",c(653593.830760802, 6857537.13522729),9775,"94041","940410202","94","Petit Ivry Nord","H",18940,2500,1833,667,882,124545,1397,33407,27,18758,0.386,4.7
"4","Ivry",4,1,0,"1","/","October 2025",5,1,1,1,1,1,0,1,1,1,1,0,1,1,1,1,0,5,4,4,13,4.16666666666667,4,4,4.05555555555556,"fun fact : there are many wild Ailanthus altissima ( a tree considered as invasive in France)",NA,"IVR_4",c(656547.073536772, 6857214.02668906),10951,"94041","940410304","94","Ivry Port Sud","H",19210,4801,2805,1997,2001,928074,1616,203727,22,18758,0.386,4.7
"5","Ivry",5,1,0,"1","Odd","July 2025",2,1,1,1,1,0,1,0,1,1,0,0,1,1,0,1,1,5,2,4,11,4.16666666666667,2,4,3.38888888888889,NA,NA,"IVR_5",c(653866.383601871, 6856536.43739392),9552,"94041","940410201","94","Verollot","H",18800,4180,3236,944,1248,406057,1365,174286,43,18758,0.386,4.7
"6","Ivry",6,0,0,"1","Odd","March 2023",1,1,0,0,1,1,0,1,0,0,0,0,1,1,0,1,0,3,1,3,7,2.5,1,3,2.16666666666667,NA,NA,"IVR_6",c(655615.776557477, 6857773.71593351),10404,"94041","940410301","94","Ivry Port Nord","H",13390,5074,3686,1388,1932,777228,1530,80279,10,18758,0.386,4.7
"7","Ivry",7,1,0,"2","Odd","October 2025",2,1,0,1,0,1,0,0,0,0,0,0,1,1,1,1,1,3,0,5,8,2.5,0,5,2.5,NA,NA,"IVR_7",c(655393.714664795, 6858211.30339592),10404,"94041","940410301","94","Ivry Port Nord","H",13390,5074,3686,1388,1932,777228,1530,80279,10,18758,0.386,4.7
"8","Ivry",8,0,1,"0",NA,NA,NA,NA,NA,NA,NA,NA,NA,NA,NA,NA,NA,NA,NA,NA,NA,NA,NA,0,0,0,0,0,0,0,0,NA,NA,"IVR_8",c(654735.410366239, 6856651.90202101),5994,"94041","940410104","94","Fort","H",18460,2106,1669,437,527,401764,588,244545,61,18758,0.386,4.7
"9","Ivry",9,1,0,"1","/","July 2025",5,1,1,1,1,1,1,1,1,0,0,1,1,0,0,1,1,6,3,3,12,5,3,3,3.66666666666667,NA,NA,"IVR_9",c(655465.365456298, 6856068.04532189),5994,"94041","940410104","94","Fort","H",18460,2106,1669,437,527,401764,588,244545,61,18758,0.386,4.7
"10","Ivry",10,0,0,"2","Odd","July 2025",1,1,1,1,1,1,0,0,0,0,0,0,1,0,1,0,0,5,0,2,7,4.16666666666667,0,2,2.05555555555556,NA,NA,"IVR_10",c(654006.659655585, 6856721.01661613),10210,"94041","940410206","94","Plateau Nord","H",18260,2960,2122,839,1092,177845,1480,47685,27,18758,0.386,4.7
"11","Ivry",11,0,0,"1","Odd","August 2022",1,1,0,0,0,0,0,0,1,0,0,0,0,1,0,1,1,1,1,3,5,0.833333333333333,1,3,1.61111111111111,NA,NA,"IVR_11",c(654475.861582521, 6857550.15779146),10242,"94041","940410208","94","Danton Ouest","H",19580,2070,1661,408,571,122769,1495,45575,37,18758,0.386,4.7
"12","Ivry",12,1,0,"2","Odd","October 2025",2,1,1,0,1,1,1,0,1,1,0,0,0,1,0,1,1,5,2,3,10,4.16666666666667,2,3,3.05555555555556,"Spontanneous and planted",NA,"IVR_12",c(654408.807097531, 6858081.08334039),14997,"75113","751135001","75","Gare 1","H",17950,2091,1615,476,673,105004,2387,30841,29,27174,0.368,2.1
"13","Ivry",13,1,0,"2","/","July 2025",3,1,1,1,1,1,0,1,1,1,0,1,1,1,0,0,1,5,4,3,12,4.16666666666667,4,3,3.72222222222222,NA,NA,"IVR_13",c(655656.636680644, 6856010.98323796),8239,"94041","940410109","94","Parmentier Sud","H",NA,1770,1323,447,511,435916,1053,215318,49,18758,0.386,4.7
"14","Ivry",14,1,0,"2","Seine","October 2024",3,1,1,1,1,1,1,0,0,0,1,0,1,1,1,1,0,6,1,4,11,5,1,4,3.33333333333333,"On each side, a vegetated area, but one is taken care of and not really the other (seine)",NA,"IVR_14",c(655609.615281394, 6858023.95094024),10404,"94041","940410301","94","Ivry Port Nord","H",13390,5074,3686,1388,1932,777228,1530,80279,10,18758,0.386,4.7
"15","Ivry",15,0,0,"1","Even","August 2022",1,1,1,1,0,0,1,0,1,0,0,0,0,1,0,1,1,4,1,3,8,3.33333333333333,1,3,2.44444444444444,NA,NA,"IVR_15",c(654887.344398893, 6857583.63574159),10270,"94041","940410211","94","Danton Est","H",24560,2730,2032,698,827,193099,1510,55834,29,18758,0.386,4.7
"16","Ivry",16,0,0,"1","/","August 2022",1,1,1,0,0,0,0,1,1,0,0,0,0,1,0,1,1,2,2,3,7,1.66666666666667,2,3,2.22222222222222,NA,NA,"IVR_16",c(654695.911163544, 6856296.39140471),2458,"94041","940410101","94","Plateau Sud","H",17190,2462,1874,588,746,236229,268,55203,23,18758,0.386,4.7
"17","Ivry",17,1,0,"2","Seine","October 2024",4,1,1,1,1,1,1,1,0,1,1,0,1,0,0,1,1,6,3,3,12,5,3,3,3.66666666666667,NA,NA,"IVR_17",c(655509.641397137, 6858104.77749642),10404,"94041","940410301","94","Ivry Port Nord","H",13390,5074,3686,1388,1932,777228,1530,80279,10,18758,0.386,4.7
"18","Ivry",18,1,0,"1","Habitations","July 2025",2,1,1,1,1,1,1,0,1,0,0,0,0,1,0,1,1,6,1,3,10,5,1,3,3,"Ailanthus altissima",NA,"IVR_18",c(656613.208223868, 6857415.90441932),10672,"94041","940410302","94","Ivry Port Centre","H",17550,3531,2518,1013,1428,493432,1566,54613,11,18758,0.386,4.7
"19","Ivry",19,0,0,"1","Even","March 2023",1,1,0,0,0,0,0,0,1,0,0,0,0,0,0,1,1,1,1,2,4,0.833333333333333,1,2,1.27777777777778,NA,NA,"IVR_19",c(654765.789306036, 6856968.56715031),7867,"94041","940410108","94","Centre Ville Nord","H",19030,2642,2208,435,691,72379,938,7324,10,18758,0.386,4.7
"20","Ivry",20,1,0,"2","/","July 2025",1,1,1,1,0,1,0,0,0,0,0,0,0,0,0,0,1,4,0,1,5,3.33333333333333,0,1,1.44444444444444,NA,NA,"IVR_20",c(654014.424370863, 6857885.15927352),9775,"94041","940410202","94","Petit Ivry Nord","H",18940,2500,1833,667,882,124545,1397,33407,27,18758,0.386,4.7
"21","Ivry",21,0,0,"1","Odd","August 2022",1,1,0,0,0,0,0,0,1,0,0,0,0,0,0,1,1,1,1,2,4,0.833333333333333,1,2,1.27777777777778,NA,NA,"IVR_21",c(655012.076381841, 6856813.2037191),7402,"94041","940410106","94","Parmentier Nord","H",19260,3442,2862,580,731,197139,826,53382,27,18758,0.386,4.7
"22","Neuilly",1,0,0,"1","Even","April 2022",1,1,0,0,0,0,0,0,1,0,0,0,0,0,0,1,1,1,1,2,4,0.833333333333333,1,2,1.27777777777778,NA,NA,"NEU_1",c(644968.520701637, 6864207.79629862),4235,"92051","920510102","92","Saint-James Madrid 1","H",62880,2134,1925,209,297,118342,410,52740,45,56445,0.534,1.3
"23","Neuilly",2,1,0,"2","/","October 2025",3,1,1,1,1,0,1,0,0,1,0,0,1,0,0,0,1,5,1,2,8,4.16666666666667,1,2,2.38888888888889,NA,NA,"NEU_2",c(646998.479282827, 6864968.38839125),10730,"92051","920510302","92","Plaine des Sablons 2","H",51610,2109,1890,218,306,68717,1576,8573,12,56445,0.534,1.3
"24","Neuilly",3,0,1,"1","(Odd)","October 2025",1,1,0,0,0,0,0,0,1,0,0,0,0,0,0,1,1,1,1,2,4,0.833333333333333,1,2,1.27777777777778,NA,NA,"NEU_3",c(645518.122649118, 6865321.29550982),11075,"92051","920510308","92","Plaine des Sablons 8","H",50580,2061,1819,241,325,89738,1653,7181,8,56445,0.534,1.3
"25","Neuilly",4,1,0,"2","(Odd)","June 2014",2,1,0,0,1,1,0,0,0,0,0,0,1,0,1,0,1,3,0,3,6,2.5,0,3,1.83333333333333,NA,NA,"NEU_4",c(645872.402352758, 6865563.73128379),11247,"92051","920510401","92","Parc de Neuilly 1","H",51700,2003,1806,197,288,109566,1680,49806,45,56445,0.534,1.3
"26","Neuilly",5,0,0,"0",NA,NA,NA,NA,NA,NA,NA,NA,NA,NA,NA,NA,NA,NA,NA,NA,NA,NA,NA,0,0,0,0,0,0,0,0,NA,NA,"NEU_5",c(646922.098311915, 6864716.65905721),10730,"92051","920510302","92","Plaine des Sablons 2","H",51610,2109,1890,218,306,68717,1576,8573,12,56445,0.534,1.3
"27","Neuilly",6,1,0,"2","/","October 2025",3,1,1,1,1,1,0,0,0,0,0,0,1,0,0,0,1,5,0,2,7,4.16666666666667,0,2,2.05555555555556,NA,NA,"NEU_6",c(645631.623874443, 6864756.43160136),6415,"92051","920510104","92","Saint-James Madrid 3","H",62260,2522,2203,319,411,191687,647,58842,31,56445,0.534,1.3
"28","Neuilly",7,1,0,"2","/","July 2024",3,1,1,1,1,1,1,0,0,0,0,0,1,0,0,0,1,6,0,2,8,5,0,2,2.33333333333333,NA,NA,"NEU_7",c(645809.722708582, 6865840.1013937),11247,"92051","920510401","92","Parc de Neuilly 1","H",51700,2003,1806,197,288,109566,1680,49806,45,56445,0.534,1.3
"29","Neuilly",8,1,0,"2","/","April 2023",2,1,1,1,1,1,0,0,0,0,1,0,1,0,1,0,1,5,1,3,9,4.16666666666667,1,3,2.72222222222222,NA,NA,"NEU_8",c(646703.859220618, 6866504.58235778),11692,"92051","920510405","92","Parc de Neuilly 5","H",49180,3076,2783,293,490,219912,1764,104324,47,56445,0.534,1.3
"30","Neuilly",9,1,0,"2","(Even)","October 2025",2,1,1,1,0,1,1,0,0,0,0,0,1,0,0,0,1,5,0,2,7,4.16666666666667,0,2,2.05555555555556,NA,NA,"NEU_9",c(646374.303193201, 6864963.01485329),11021,"92051","920510305","92","Plaine des Sablons 5","H",58030,2598,2319,279,385,129656,1636,25692,20,56445,0.534,1.3
"31","Neuilly",10,1,0,"2","(Odd)","April 2022",2,1,1,0,0,1,1,0,0,0,0,0,0,0,0,0,1,4,0,1,5,3.33333333333333,0,1,1.44444444444444,NA,NA,"NEU_10",c(645875.563188512, 6865744.96278428),11247,"92051","920510401","92","Parc de Neuilly 1","H",51700,2003,1806,197,288,109566,1680,49806,45,56445,0.534,1.3
"32","Neuilly",11,0,1,"0",NA,NA,NA,NA,NA,NA,NA,NA,NA,NA,NA,NA,NA,NA,NA,NA,NA,NA,NA,0,0,0,0,0,0,0,0,NA,NA,"NEU_11",c(645344.983214395, 6864848.09179844),2582,"92051","920510101","92","Saint-James","H",75050,2272,1921,352,499,216546,283,102819,47,56445,0.534,1.3
"33","Neuilly",12,0,0,"2","(Odd)","November 2024",1,0,0,0,1,0,0,0,0,0,0,0,0,0,0,0,1,1,0,1,2,0.833333333333333,0,1,0.611111111111111,NA,NA,"NEU_12",c(645551.763004365, 6865155.28694743),11075,"92051","920510308","92","Plaine des Sablons 8","H",50580,2061,1819,241,325,89738,1653,7181,8,56445,0.534,1.3
"34","Neuilly",13,1,0,"2","Odd","April 2023",2,1,1,0,0,1,0,0,0,0,0,0,1,0,0,0,1,3,0,2,5,2.5,0,2,1.5,NA,NA,"NEU_13",c(645642.261345866, 6864952.04797753),6415,"92051","920510104","92","Saint-James Madrid 3","H",62260,2522,2203,319,411,191687,647,58842,31,56445,0.534,1.3
"35","Neuilly",14,0,0,"2","Odd","April 2022",0,0,0,0,0,0,0,0,0,0,0,0,0,0,0,0,1,0,0,1,1,0,0,1,0.333333333333333,"Just trees.",NA,"NEU_14",c(646711.756616046, 6864813.11264098),10879,"92051","920510303","92","Plaine des Sablons 3","H",60890,2158,1949,209,298,64878,1602,9057,14,56445,0.534,1.3
"36","Neuilly",15,1,0,"2","Even","May 2022",2,1,1,1,1,1,0,0,0,0,0,0,0,0,0,0,1,5,0,1,6,4.16666666666667,0,1,1.72222222222222,NA,NA,"NEU_15",c(645053.904269707, 6864702.94716355),5555,"92051","920510103","92","Saint-James Madrid 2","H",47920,2409,2197,212,388,213408,540,66696,31,56445,0.534,1.3
"37","Neuilly",16,1,0,"2","(Odd)","July 2024",3,1,1,1,1,1,1,0,0,0,0,0,1,0,0,0,1,6,0,2,8,5,0,2,2.33333333333333,NA,NA,"NEU_16",c(646677.238144794, 6866241.27492643),11579,"92051","920510403","92","Parc de Neuilly 3","H",74740,1557,1379,178,268,179601,1734,97685,54,56445,0.534,1.3
"38","Neuilly",17,1,0,"2","/","April 2022",3,1,1,1,1,1,1,0,0,0,0,0,1,0,0,0,1,6,0,2,8,5,0,2,2.33333333333333,NA,NA,"NEU_17",c(645974.858845174, 6865698.44211909),11579,"92051","920510403","92","Parc de Neuilly 3","H",74740,1557,1379,178,268,179601,1734,97685,54,56445,0.534,1.3
"39","Neuilly",18,0,0,"2","(Odd)","October 2025",1,0,1,0,1,0,0,0,0,0,0,0,0,0,0,0,1,2,0,1,3,1.66666666666667,0,1,0.888888888888889,NA,NA,"NEU_18",c(646719.706978608, 6865437.99737726),11729,"92051","920510408","92","Parc de Neuilly 8","H",61910,2679,2396,283,440,158683,1777,75493,48,56445,0.534,1.3
"40","Neuilly",19,0,1,"1","(Even)","September 2017",0,1,0,0,0,0,0,0,1,0,0,0,0,0,0,1,1,1,1,2,4,0.833333333333333,1,2,1.27777777777778,NA,NA,"NEU_19",c(647094.149821862, 6865887.15971115),11692,"92051","920510405","92","Parc de Neuilly 5","H",49180,3076,2783,293,490,219912,1764,104324,47,56445,0.534,1.3
"41","Neuilly",20,0,0,"0",NA,NA,NA,NA,NA,NA,NA,NA,NA,NA,NA,NA,NA,NA,NA,NA,NA,NA,NA,0,0,0,0,0,0,0,0,NA,NA,"NEU_20",c(645856.6743616, 6864744.31484743),9292,"92051","920510201","92","Charles Laffitte 1","H",62220,1979,1699,281,353,113622,1336,31004,27,56445,0.534,1.3
"42","Neuilly",21,1,0,"2","Even","October 2025",2,1,1,0,1,1,0,0,0,0,0,0,0,0,0,0,1,4,0,1,5,3.33333333333333,0,1,1.44444444444444,NA,NA,"NEU_21",c(646589.080084317, 6865110.04107561),11021,"92051","920510305","92","Plaine des Sablons 5","H",58030,2598,2319,279,385,129656,1636,25692,20,56445,0.534,1.3
"43","Neuilly",22,1,1,"2","(Even)","October 2025",1,1,1,1,1,1,0,0,0,0,0,0,0,0,0,0,1,5,0,1,6,4.16666666666667,0,1,1.72222222222222,NA,NA,"NEU_22",c(644836.936183261, 6864254.64095741),4235,"92051","920510102","92","Saint-James Madrid 1","H",62880,2134,1925,209,297,118342,410,52740,45,56445,0.534,1.3
"44","Neuilly",23,1,0,"2",NA,"October 2025",2,1,1,1,1,1,0,0,0,0,0,0,0,0,0,0,1,5,0,1,6,4.16666666666667,0,1,1.72222222222222,NA,NA,"NEU_23",c(646358.221657671, 6865364.60507244),11247,"92051","920510401","92","Parc de Neuilly 1","H",51700,2003,1806,197,288,109566,1680,49806,45,56445,0.534,1.3
"45","7e",1,1,0,"2","(Even)","May 2023",3,1,1,1,1,1,1,1,0,0,0,0,1,1,0,0,1,6,1,3,10,5,1,3,3,NA,NA,"7E_1",c(648968.284922327, 6861208.8056382),15175,"75115","751155812","75","Necker 12","H",50120,1896,1637,258,346,76775,2547,16563,22,37053,0.364,2.4
"46","7e",2,0,0,"1","(Even)","July 2022",1,1,0,0,0,0,0,0,1,0,0,0,0,1,0,1,1,1,1,3,5,0.833333333333333,1,3,1.61111111111111,NA,NA,"7E_2",c(649003.951207499, 6862175.92280564),14681,"75107","751072804","75","Gros Caillou 4","H",44420,2819,2218,601,700,90633,2188,10614,12,54890,0.646,0.9
"47","7e",3,1,0,"2","Odd","April 2024",3,1,1,0,1,1,1,0,0,0,0,0,1,0,0,0,1,5,0,2,7,4.16666666666667,0,2,2.05555555555556,"Along a parc",NA,"7E_3",c(649646.575804978, 6861484.20396459),14664,"75107","751072706","75","École Militaire 6","H",46120,1652,1504,148,192,112197,2184,30777,27,54890,0.646,0.9
"48","7e",4,0,0,"0",NA,NA,NA,NA,NA,NA,NA,NA,NA,NA,NA,NA,NA,NA,NA,NA,NA,NA,NA,0,0,0,0,0,0,0,0,NA,NA,"7E_4",c(650032.694952345, 6861242.89645097),14641,"75107","751072701","75","École Militaire 1","H",46930,2537,2271,266,412,97664,2179,15258,16,54890,0.646,0.9
"49","7e",5,0,0,"2","/","July 2022",1,1,0,0,1,1,0,0,0,0,0,0,0,0,0,0,1,3,0,1,4,2.5,0,1,1.16666666666667,NA,NA,"7E_5",c(648893.587033398, 6862308.110734),14684,"75107","751072805","75","Gros Caillou 5","H",41040,2849,2328,521,631,76276,2189,11447,15,54890,0.646,0.9
"50","7e",6,0,0,"0",NA,NA,NA,NA,NA,NA,NA,NA,NA,NA,NA,NA,NA,NA,NA,NA,NA,NA,NA,0,0,0,0,0,0,0,0,NA,NA,"7E_6",c(649011.454042392, 6862027.96162754),14678,"75107","751072803","75","Gros Caillou 3","H",39040,1493,1305,188,217,46297,2187,3252,7,54890,0.646,0.9
"51","7e",7,0,0,"1","(Even)","June 2024",0,1,0,0,0,0,0,0,1,0,0,0,0,0,0,1,1,1,1,2,4,0.833333333333333,1,2,1.27777777777778,NA,NA,"7E_7",c(649860.594625443, 6861962.72714727),14633,"75107","751072602","75","Invalides 2","H",56170,1104,962,142,198,207934,2176,72529,35,54890,0.646,0.9
"52","7e",8,1,0,"2","/","April 2024",4,1,1,0,1,1,1,0,1,1,0,0,1,1,0,1,1,5,2,4,11,4.16666666666667,2,4,3.38888888888889,"Vegetated areas but also a lot of spontaneous vegetation ! So there are the advantages of spontaneous vegetation as well, like saying unplanted species",NA,"7E_8",c(649677.143455635, 6861370.51578762),14664,"75107","751072706","75","École Militaire 6","H",46120,1652,1504,148,192,112197,2184,30777,27,54890,0.646,0.9
"53","7e",9,0,0,"2","/","June 2022",1,1,0,1,1,1,0,0,0,0,0,0,0,1,0,0,1,4,0,2,6,3.33333333333333,0,2,1.77777777777778,NA,NA,"7E_9",c(649537.392813247, 6861333.92368218),14649,"75107","751072702","75","École Militaire 2","H",51220,1642,1411,232,290,108124,2180,26538,25,54890,0.646,0.9
"54","7e",10,0,0,"1","Odd","April 2024",1,1,0,0,0,0,0,0,1,0,0,0,0,0,0,1,1,1,1,2,4,0.833333333333333,1,2,1.27777777777778,NA,NA,"7E_10",c(650057.228859974, 6861705.27119982),14628,"75107","751072601","75","Invalides 1","H",55100,1810,1563,247,323,163461,2175,33311,20,54890,0.646,0.9
"55","7e",11,0,1,"1","Even","April 2024",1,1,0,0,0,0,0,0,1,0,0,0,0,0,0,1,1,1,1,2,4,0.833333333333333,1,2,1.27777777777778,NA,NA,"7E_11",c(650066.895136082, 6861379.37575064),14664,"75107","751072706","75","École Militaire 6","H",46120,1652,1504,148,192,112197,2184,30777,27,54890,0.646,0.9
"56","7e",12,0,0,"0",NA,NA,NA,NA,NA,NA,NA,NA,NA,NA,NA,NA,NA,NA,NA,NA,NA,NA,NA,0,0,0,0,0,0,0,0,NA,NA,"7E_12",c(650300.772943187, 6862209.13252636),14623,"75107","751072504","75","Saint-Thomas d'Aquin 4","H",50500,1332,1124,207,255,109166,2172,23839,22,54890,0.646,0.9
"57","7e",13,0,0,"2","/","June 2024",1,1,1,1,0,1,0,0,0,0,0,0,0,0,0,1,1,4,0,2,6,3.33333333333333,0,2,1.77777777777778,NA,NA,"7E_13",c(649524.901068862, 6861753.25184236),1106,"75107","751072606","75","Invalides 6","D",NA,272,265,7,19,311989,149,130603,42,54890,0.646,0.9
"58","7e",14,0,1,"0",NA,NA,NA,NA,NA,NA,NA,NA,NA,NA,NA,NA,NA,NA,NA,NA,NA,NA,NA,0,0,0,0,0,0,0,0,NA,NA,"7E_14",c(650485.951892092, 6862498.8891993),14640,"75107","751072604","75","Invalides 4","H",58780,1176,992,185,251,159871,2178,26164,16,54890,0.646,0.9
"59","7e",15,1,0,"2","/","June 2024",3,1,1,1,1,1,1,0,0,1,0,0,1,1,0,1,1,6,1,4,11,5,1,4,3.33333333333333,NA,NA,"7E_15",c(648714.454852477, 6862711.1249129),1110,"75107","751072899","75","Seine et Berges 3","D",NA,0,0,0,0,208781,152,37947,18,54890,0.646,0.9
"60","7e",16,0,0,"1","Odd","June 2022",1,1,0,0,0,0,0,0,1,0,0,0,0,0,0,1,1,1,1,2,4,0.833333333333333,1,2,1.27777777777778,NA,NA,"7E_16",c(649279.23864828, 6861184.94767734),14654,"75107","751072703","75","École Militaire 3","H",66680,1753,1581,172,236,42730,2181,5444,13,54890,0.646,0.9
"61","7e",17,1,0,"2","/","April 2024",1,1,1,0,0,1,1,0,0,0,0,0,1,1,1,1,1,4,0,5,9,3.33333333333333,0,5,2.77777777777778,"Il y a un terre-plein, mais non piéton… Je vais ne pas le compter, puisque c'est un cas assez particulier, plus à destination des.. Voitures ? De toute facon, il y a aussi un espace un peu végétaliser du côté piétion",NA,"7E_17",c(649396.504814115, 6861755.48382097),14663,"75107","751072705","75","École Militaire 5","H",68670,1795,1571,224,306,113308,2183,32100,28,54890,0.646,0.9
"62","7e",18,1,0,"2","/","May 2019",2,1,1,1,0,1,1,0,1,1,0,0,0,1,0,1,1,5,2,3,10,4.16666666666667,2,3,3.05555555555556,NA,NA,"7E_18",c(649150.913912044, 6861782.09780231),14663,"75107","751072705","75","École Militaire 5","H",68670,1795,1571,224,306,113308,2183,32100,28,54890,0.646,0.9
"63","7e",19,0,1,"1","Even","September 2025",1,1,0,0,0,0,0,0,1,0,0,0,0,0,0,1,1,1,1,2,4,0.833333333333333,1,2,1.27777777777778,NA,NA,"7E_19",c(650100.475407774, 6862210.85425949),14628,"75107","751072601","75","Invalides 1","H",55100,1810,1563,247,323,163461,2175,33311,20,54890,0.646,0.9
"64","7e",20,0,0,"1","Even","June 2022",1,1,0,0,0,0,0,0,1,0,0,0,0,1,0,1,1,1,1,3,5,0.833333333333333,1,3,1.61111111111111,NA,NA,"7E_20",c(649756.355366771, 6862211.60445663),1106,"75107","751072606","75","Invalides 6","D",NA,272,265,7,19,311989,149,130603,42,54890,0.646,0.9
"65","7e",21,1,0,"2","Odd","June 2022",3,1,1,1,1,1,1,0,0,1,0,0,0,0,1,0,1,6,1,2,9,5,1,2,2.66666666666667,NA,NA,"7E_21",c(649322.371416717, 6861669.39659264),14663,"75107","751072705","75","École Militaire 5","H",68670,1795,1571,224,306,113308,2183,32100,28,54890,0.646,0.9
"66","7e",22,0,0,"1","Even","June 2022",1,1,0,0,0,0,0,0,1,0,0,0,0,0,0,1,1,1,1,2,4,0.833333333333333,1,2,1.27777777777778,"Encore une fois, terre plein non piéton, donc prend le trottoir",NA,"7E_22",c(648664.492278192, 6862289.00833271),14688,"75107","751072808","75","Gros Caillou 8","H",59570,1540,1357,182,225,59934,2192,7081,12,54890,0.646,0.9
"67","7e",23,0,1,"1","both","May 2024",2,1,1,0,0,0,0,0,1,0,0,0,0,1,0,1,1,2,1,3,6,1.66666666666667,1,3,1.88888888888889,NA,NA,"7E_23",c(648716.003724185, 6862057.25722335),14686,"75107","751072806","75","Gros Caillou 6","H",77180,1785,1507,279,386,109694,2190,41984,38,54890,0.646,0.9
"68","7e",24,0,0,"1","Even","June 2022",1,1,0,0,1,0,0,0,1,0,0,0,0,1,0,1,1,2,1,3,6,1.66666666666667,1,3,1.88888888888889,NA,NA,"7E_24",c(650127.160317044, 6862583.14261039),14640,"75107","751072604","75","Invalides 4","H",58780,1176,992,185,251,159871,2178,26164,16,54890,0.646,0.9
"69","7e",25,1,0,"2","(Odd)","June 2024",3,1,1,1,0,1,1,0,1,0,0,0,0,0,0,1,0,5,1,1,7,4.16666666666667,1,1,2.05555555555556,"Terre-plein semblant non piéton (marche difficile), mais avec des bancs… donc ok",NA,"7E_25",c(648844.563669357, 6862489.79883505),14689,"75107","751072809","75","Gros Caillou 9","H",52430,1540,1297,243,327,125573,2193,30652,24,54890,0.646,0.9
"70","7e",26,1,0,"2","/","May 2022",2,1,1,1,1,1,1,0,0,1,0,0,0,0,0,0,1,6,1,1,8,5,1,1,2.33333333333333,NA,NA,"7E_26",c(648344.092401835, 6861904.88218943),14687,"75107","751072807","75","Gros Caillou 7","H",74290,1734,1498,237,337,107901,2191,39473,37,54890,0.646,0.9
"71","7e",27,1,1,"2","/","May 2022",3,1,1,1,1,1,0,0,0,1,0,0,1,1,0,0,1,5,1,3,9,4.16666666666667,1,3,2.72222222222222,NA,NA,"7E_27",c(648274.062303034, 6862033.38624817),14687,"75107","751072807","75","Gros Caillou 7","H",74290,1734,1498,237,337,107901,2191,39473,37,54890,0.646,0.9
"72","7e",28,0,0,"0",NA,NA,NA,NA,NA,NA,NA,NA,NA,NA,NA,NA,NA,NA,NA,NA,NA,NA,NA,0,0,0,0,0,0,0,0,"GRIS mais proche d'un parc, très proche donc de quelques végétation spontannée",NA,"7E_28",c(650481.632426714, 6861392.4962737),14568,"75106","751062309","75","Notre-Dame des Champs 9","H",39660,2249,1902,347,478,80930,2164,6875,8,47878,0.67,1.1
"73","7e",29,0,0,"1","Odd","July 2022",0,1,0,0,0,0,0,0,1,0,0,0,0,0,0,1,1,1,1,2,4,0.833333333333333,1,2,1.27777777777778,"une seule petite plante spontannée",NA,"7E_29",c(648442.204095335, 6862457.78186402),14689,"75107","751072809","75","Gros Caillou 9","H",52430,1540,1297,243,327,125573,2193,30652,24,54890,0.646,0.9
"74","7e",30,0,0,"0",NA,NA,NA,NA,NA,NA,NA,NA,NA,NA,NA,NA,NA,NA,NA,NA,NA,NA,NA,0,0,0,0,0,0,0,0,NA,NA,"7E_30",c(649975.867270045, 6862140.76133942),14628,"75107","751072601","75","Invalides 1","H",55100,1810,1563,247,323,163461,2175,33311,20,54890,0.646,0.9
"75","19e",1,NA,NA,NA,"(Even)",NA,0,1,0,0,0,0,0,0,1,0,0,0,0,0,0,1,1,1,1,2,4,0.833333333333333,1,2,1.27777777777778,NA,NA,"19E_1",c(654956.066522595, 6864059.23245023),15482,"75119","751197601","75","Combat 1","H",30940,2522,2174,348,445,62599,2850,11777,19,23713,0.495,4.7
"76","19e",2,1,0,"2","(Odd)","October 2025",1,1,0,1,1,1,0,0,0,0,0,0,0,1,0,0,1,4,0,2,6,3.33333333333333,0,2,1.77777777777778,NA,NA,"19E_2",c(655030.390395289, 6865790.05442989),15457,"75119","751197411","75","Pont de Flandre 11","H",27130,2756,2482,274,562,140938,2825,43959,31,23713,0.495,4.7
"77","19e",3,NA,NA,NA,"Even",NA,0,1,0,0,0,0,0,0,1,0,0,0,0,0,0,1,1,1,1,2,4,0.833333333333333,1,2,1.27777777777778,NA,NA,"19E_3",c(655045.367347296, 6864224.22702436),15483,"75119","751197602","75","Combat 2","H",32600,5067,4547,520,732,127180,2851,28586,22,23713,0.495,4.7
"78","19e",4,NA,NA,NA,"Odd",NA,3,1,1,1,1,1,1,0,1,1,0,1,1,1,0,0,0,6,3,2,11,5,3,2,3.33333333333333,NA,NA,"19E_4",c(654918.759991844, 6864260.79530226),15482,"75119","751197601","75","Combat 1","H",30940,2522,2174,348,445,62599,2850,11777,19,23713,0.495,4.7
"79","19e",5,NA,NA,NA,"Even",NA,1,1,1,0,1,1,0,0,0,1,0,0,0,1,0,0,0,4,1,1,6,3.33333333333333,1,1,1.77777777777778,NA,NA,"19E_5",c(655027.808585887, 6864324.44371533),15483,"75119","751197602","75","Combat 2","H",32600,5067,4547,520,732,127180,2851,28586,22,23713,0.495,4.7
"80","19e",6,NA,NA,NA,"(Even)",NA,2,0,1,0,1,0,0,0,0,0,0,0,0,0,0,0,1,2,0,1,3,1.66666666666667,0,1,0.888888888888889,NA,NA,"19E_6",c(655097.388326254, 6864406.19216832),15483,"75119","751197602","75","Combat 2","H",32600,5067,4547,520,732,127180,2851,28586,22,23713,0.495,4.7
"81","19e",7,NA,NA,NA,"(Even)",NA,2,0,1,0,1,0,0,0,0,0,0,0,1,0,0,0,1,2,0,2,4,1.66666666666667,0,2,1.22222222222222,NA,NA,"19E_7",c(654977.212425484, 6864420.46927453),15483,"75119","751197602","75","Combat 2","H",32600,5067,4547,520,732,127180,2851,28586,22,23713,0.495,4.7
"82","19e",8,NA,NA,NA,"Odd",NA,3,1,1,0,1,1,0,1,0,1,0,0,0,1,0,0,1,4,2,2,8,3.33333333333333,2,2,2.44444444444444,NA,NA,"19E_8",c(654916.610078896, 6864549.93345035),15483,"75119","751197602","75","Combat 2","H",32600,5067,4547,520,732,127180,2851,28586,22,23713,0.495,4.7
"83","19e",9,NA,NA,NA,"Odd",NA,3,1,1,0,1,1,0,1,0,1,0,0,0,1,0,0,1,4,2,2,8,3.33333333333333,2,2,2.44444444444444,NA,NA,"19E_9",c(655102.253681314, 6864560.72326335),15483,"75119","751197602","75","Combat 2","H",32600,5067,4547,520,732,127180,2851,28586,22,23713,0.495,4.7
"84","19e",10,NA,NA,NA,"(Even)",NA,2,1,1,0,1,1,0,0,0,0,0,0,0,1,0,0,1,4,0,2,6,3.33333333333333,0,2,1.77777777777778,NA,NA,"19E_10",c(655267.696559531, 6864615.04328527),15472,"75119","751197515","75","Amérique 15","H",36590,2054,1792,262,363,41948,2840,8688,21,23713,0.495,4.7
"85","19e",11,NA,NA,NA,"(Even)",NA,1,1,1,1,0,0,0,0,1,0,0,0,0,1,0,1,1,3,1,3,7,2.5,1,3,2.16666666666667,NA,NA,"19E_11",c(655384.935533364, 6864600.7947855),15471,"75119","751197514","75","Amérique 14","H",38780,3163,2839,324,387,156014,2839,41783,27,23713,0.495,4.7
"86","19e",12,NA,NA,NA,"(Even)",NA,1,1,1,0,0,0,0,0,1,0,1,0,0,1,0,1,1,2,2,3,7,1.66666666666667,2,3,2.22222222222222,NA,NA,"19E_12",c(655465.593116619, 6864693.58252107),15471,"75119","751197514","75","Amérique 14","H",38780,3163,2839,324,387,156014,2839,41783,27,23713,0.495,4.7
"87","19e",13,NA,NA,NA,"Odd",NA,1,1,1,0,0,0,0,0,1,0,0,0,0,1,0,1,1,2,1,3,6,1.66666666666667,1,3,1.88888888888889,NA,NA,"19E_13",c(655527.103801756, 6864776.51037398),15471,"75119","751197514","75","Amérique 14","H",38780,3163,2839,324,387,156014,2839,41783,27,23713,0.495,4.7
"88","19e",14,NA,NA,NA,"(Even)",NA,1,0,1,0,1,0,0,0,0,0,0,0,0,1,0,0,1,2,0,2,4,1.66666666666667,0,2,1.22222222222222,NA,NA,"19E_14",c(655455.048038684, 6864848.23273741),15471,"75119","751197514","75","Amérique 14","H",38780,3163,2839,324,387,156014,2839,41783,27,23713,0.495,4.7
"89","19e",15,NA,NA,NA,"(Even)",NA,1,1,1,1,0,0,0,0,1,0,0,0,0,1,0,1,1,3,1,3,7,2.5,1,3,2.16666666666667,NA,NA,"19E_15",c(655496.868019941, 6864945.76799081),15474,"75119","751197517","75","Amérique 17","H",16780,3833,3217,616,1115,62492,2842,16396,26,23713,0.495,4.7
"90","19e",16,NA,NA,NA,"Even",NA,1,1,0,1,1,0,0,1,1,0,0,0,0,0,0,1,1,3,2,2,7,2.5,2,2,2.16666666666667,NA,NA,"19E_16",c(655616.385698347, 6865038.25951348),15474,"75119","751197517","75","Amérique 17","H",16780,3833,3217,616,1115,62492,2842,16396,26,23713,0.495,4.7
"91","19e",17,NA,NA,NA,"Odd",NA,2,1,1,0,1,1,0,0,0,1,0,0,0,1,0,0,1,4,1,2,7,3.33333333333333,1,2,2.11111111111111,NA,NA,"19E_17",c(655689.564217419, 6865113.31578648),15475,"75119","751197518","75","Amérique 18","H",13570,3232,2571,661,1003,69654,2843,13743,20,23713,0.495,4.7
"92","19e",18,NA,NA,NA,"(Even)",NA,1,1,1,1,0,0,0,0,1,0,0,0,0,1,0,1,0,3,1,2,6,2.5,1,2,1.83333333333333,NA,NA,"19E_18",c(655673.53198076, 6865222.41559894),15475,"75119","751197518","75","Amérique 18","H",13570,3232,2571,661,1003,69654,2843,13743,20,23713,0.495,4.7
"93","19e",19,NA,NA,NA,"Odd",NA,2,1,1,0,1,0,0,1,1,0,0,0,0,1,0,1,1,3,2,3,8,2.5,2,3,2.5,NA,NA,"19E_19",c(655549.858055982, 6865161.09101091),15474,"75119","751197517","75","Amérique 17","H",16780,3833,3217,616,1115,62492,2842,16396,26,23713,0.495,4.7
"94","19e",20,1,0,"2","Even",NA,2,0,1,0,1,0,0,0,0,0,0,0,0,0,0,0,1,2,0,1,3,1.66666666666667,0,1,0.888888888888889,NA,NA,"19E_20",c(655263.77552882, 6865246.69509434),15477,"75119","751197520","75","Amérique 20","H",25490,3347,2948,399,770,85726,2845,23033,27,23713,0.495,4.7
"95","19e",21,1,0,"2","/",NA,4,1,1,1,0,1,1,0,1,1,1,0,1,1,1,1,0,5,3,4,12,4.16666666666667,3,4,3.72222222222222,NA,NA,"19E_21",c(654712.116685669, 6866629.88791397),806,"75119","751197413","75","Pont de Flandre 13","A",19500,2513,2083,430,584,284463,119,32393,11,23713,0.495,4.7
"96","19e",22,1,1,"1","Odd",NA,3,1,1,0,1,1,0,0,1,1,0,0,0,1,0,0,1,4,2,2,8,3.33333333333333,2,2,2.44444444444444,NA,NA,"19E_22",c(654790.56146327, 6864187.29038284),15482,"75119","751197601","75","Combat 1","H",30940,2522,2174,348,445,62599,2850,11777,19,23713,0.495,4.7
"97","19e",23,0,0,"1","Even",NA,0,1,0,0,1,0,0,0,1,1,0,0,0,1,0,1,1,2,2,3,7,1.66666666666667,2,3,2.22222222222222,NA,NA,"19E_23",c(654427.212592079, 6865643.53627875),15443,"75119","751197314","75","Villette 14","H",19180,2571,2034,538,755,89612,2811,13224,15,23713,0.495,4.7
"98","19e",24,1,0,"2","(Even)",NA,3,1,1,0,1,1,0,0,0,0,0,0,1,0,0,0,0,4,0,1,5,3.33333333333333,0,1,1.44444444444444,NA,NA,"19E_24",c(655436.23964885, 6864310.16641197),15466,"75119","751197509","75","Amérique 9","H",15630,1987,1684,303,556,30098,2834,8553,28,23713,0.495,4.7
"99","19e",25,1,0,"2","/",NA,4,1,1,1,1,1,1,1,1,1,0,0,1,1,0,1,0,6,3,3,12,5,3,3,3.66666666666667,"Area under construction, looks abandoned , very accidented ground",NA,"19E_25",c(655069.273799849, 6866926.24007033),15447,"75119","751197401","93","Pont de Flandre 1","H",17190,1796,1053,743,868,609007,2815,92970,15,23713,0.495,4.7
"100","19e",26,1,0,"2","/",NA,2,1,1,1,1,1,0,0,0,0,0,0,0,0,0,0,1,5,0,1,6,4.16666666666667,0,1,1.72222222222222,NA,NA,"19E_26",c(655886.042876984, 6864623.64398259),15470,"75119","751197513","75","Amérique 13","H",16960,2428,1949,479,720,113355,2838,55371,49,23713,0.495,4.7
"101","19e",27,0,0,"1","/",NA,0,1,0,0,0,0,0,0,1,0,0,0,0,1,0,1,0,1,1,2,4,0.833333333333333,1,2,1.27777777777778,"On the side of the point, almost nothing. But across the road, there's a ""terre-plein"" that is mowed, with trees. Because it is not a ""walkable"" street, I counted the side with almost nothing.",NA,"19E_27",c(655774.176380419, 6865725.38833904),15447,"75119","751197401","93","Pont de Flandre 1","H",17190,1796,1053,743,868,609007,2815,92970,15,23713,0.495,4.7
"102","19e",28,1,0,"2","/",NA,3,1,1,1,1,1,1,0,0,1,0,1,1,1,0,0,0,6,2,2,10,5,2,2,3,"Grand boulevard, avec un terre-plein piétion au centre, ce que je vais prendre puisque qu'il y a une zone amménagée",NA,"19E_28",c(653998.252169361, 6864169.06546134),15489,"75119","751197608","75","Combat 8","H",24460,2872,2461,411,728,64132,2857,18914,29,23713,0.495,4.7
"103","19e",29,1,0,"2","/",NA,2,1,0,0,1,1,0,0,0,0,0,0,1,0,0,0,1,3,0,2,5,2.5,0,2,1.5,NA,NA,"19E_29",c(653720.697125412, 6865049.76387557),1137,"75119","751197388","75","Bassin de la Villette","D",NA,0,0,0,0,140330,174,36778,26,23713,0.495,4.7
"104","19e",30,1,0,"2","/",NA,2,1,0,1,1,1,0,0,0,1,0,0,1,1,1,1,1,4,1,5,10,3.33333333333333,1,5,3.11111111111111,"Point au centre d'uncarrefour, choisit arbitrairement la route allant vers le Sud",NA,"19E_30",c(655861.682940103, 6865276.57891538),15476,"75119","751197519","93","Amérique 19","H",17020,1822,1447,374,533,300660,2844,97895,33,23713,0.495,4.7
"105","19e",31,0,0,"2","(Odd)",NA,1,1,1,0,1,1,0,0,0,0,0,0,0,1,1,0,0,4,0,2,6,3.33333333333333,0,2,1.77777777777778,NA,NA,"19E_31",c(655272.198495577, 6864913.02670631),15473,"75119","751197516","75","Amérique 16","H",14320,1486,1012,474,603,44418,2841,11158,25,23713,0.495,4.7
"106","19e",32,1,0,"2","/",NA,2,1,0,0,1,1,0,0,1,0,0,0,1,0,0,0,1,3,1,2,6,2.5,1,2,1.83333333333333,"Des parcs entretenus sur les côtés de la petite route",NA,"19E_32",c(656402.805063565, 6864388.43362293),807,"75119","751197525","75","Amérique 25","A",NA,559,451,108,126,140797,120,46743,33,23713,0.495,4.7
"107","19e",33,1,0,"2","/",NA,2,1,1,0,1,1,1,0,0,1,0,0,1,0,0,0,1,5,1,2,8,4.16666666666667,1,2,2.38888888888889,NA,NA,"19E_33",c(655451.161539892, 6866535.19149759),15447,"75119","751197401","93","Pont de Flandre 1","H",17190,1796,1053,743,868,609007,2815,92970,15,23713,0.495,4.7
"108","19e",34,0,0,"2","Even","March 2023",1,1,0,0,0,1,0,1,0,0,0,0,0,1,1,0,1,2,1,3,6,1.66666666666667,1,3,1.88888888888889,"Only grown trees. The most recent street view is from march, avec there's no flowers, fruit of leaves. But if we look at june, the trees are flowering. Wildness is so variable between the seasons, if we score it at different places, different times, the statistics will be flawed.",NA,"19E_34",c(655917.359136304, 6865654.23942392),15476,"75119","751197519","93","Amérique 19","H",17020,1822,1447,374,533,300660,2844,97895,33,23713,0.495,4.7
"109","19e",34,0,0,"2","Even","July 2022",1,1,1,0,1,1,0,1,0,0,0,0,0,1,1,0,1,4,1,3,8,3.33333333333333,1,3,2.44444444444444,NA,NA,"19E_34",c(655917.359136304, 6865654.23942392),15476,"75119","751197519","93","Amérique 19","H",17020,1822,1447,374,533,300660,2844,97895,33,23713,0.495,4.7
"110","19e",35,1,0,"2","Even","April 2025",2,1,0,0,0,1,0,0,0,1,0,1,1,1,0,0,1,2,2,3,7,1.66666666666667,2,3,2.22222222222222,NA,NA,"19E_35",c(654323.712877058, 6865258.48236601),15432,"75119","751197303","75","Villette 3","H",24760,3715,3251,465,802,75039,2800,21689,29,23713,0.495,4.7
"111","19e",36,1,0,"2","Odd","October 2025",2,1,1,1,1,1,0,0,0,0,0,0,1,1,1,0,1,5,0,4,9,4.16666666666667,0,4,2.72222222222222,NA,NA,"19E_36",c(653637.9359846, 6865613.10585861),15437,"75119","751197308","75","Villette 8","H",14610,3134,2470,664,1130,66545,2805,13746,21,23713,0.495,4.7
"112","5e",1,0,0,"0","/","May 2025",0,NA,NA,NA,NA,NA,NA,NA,NA,NA,NA,NA,NA,NA,NA,NA,NA,0,0,0,0,0,0,0,0,NA,NA,"5E_1",c(652017.618304448, 6861575.28212816),14442,"75105","751052003","75","Sorbonne 3","H",33270,1676,1444,232,364,78583,2147,11014,14,40773,0.616,1.4
"113","5e",2,1,0,"2","Odd","May 2025",3,1,1,0,0,1,1,0,0,1,0,0,1,1,0,1,0,4,1,3,8,3.333333333,1,3,2.444444444,"Vegetalised roof, trees and spontaneous small plants, so estimating the planting intervention was quite complicated. We're not considering trees, but the roof was defenety planted, but there's also wild spontaneous flowers and seedlings, so I still put 1.",NA,"5E_2",c(651641.16093185, 6861046.8843905),14520,"75106","751062204","75","Odéon 4","H",45670,2512,2195,316,408,122802,2155,7174,6,47878,0.67,1.1
"114","5e",3,1,0,"2","Odd","July 2024",3,1,1,1,0,1,1,0,0,1,0,0,0,1,1,1,1,5,1,4,10,4.166666667,1,4,3.055555556,"Grids around the tree base in almost every tree, overgrown (cant see on photo)",NA,"5E_3",c(652333.108004072, 6860230.52112992),14333,"75105","751051803","75","Jardin des Plantes 3","H",37280,1866,1633,233,299,57918,2131,7550,13,40773,0.616,1.4
"115","5e",4,0,0,"0","/","July 2025",0,NA,NA,NA,NA,NA,NA,NA,NA,NA,NA,NA,NA,NA,NA,NA,NA,0,0,0,0,0,0,0,0,NA,NA,"5E_4",c(651969.395234496, 6860006.68197143),14388,"75105","751051902","75","Val de Grâce 2","H",43170,1696,1556,140,224,135896,2138,46173,34,40773,0.616,1.4
"116","5e",5,0,0,"1","Odd","April 2021",1,1,1,1,0,0,0,0,1,0,0,0,0,0,0,1,1,3,1,2,6,2.5,1,2,1.833333333,NA,NA,"5E_5",c(651990.716437245, 6860808.23830345),14422,"75105","751052001","75","Sorbonne 1","H",35120,2535,2234,300,432,105565,2145,7135,7,40773,0.616,1.4
"117","5e",6,1,0,"2","Even","July 2025",4,1,1,1,1,1,1,0,1,1,0,1,0,1,0,0,0,6,3,1,10,5,3,1,3,NA,NA,"5E_6",c(652680.194573346, 6859949.68430969),14995,"75113","751134906","75","Salpêtrière 6","H",38020,2388,2259,129,264,52295,2385,5513,11,27174,0.368,2.1
"118","5e",7,1,0,"2","Even","July 2020",4,1,1,1,1,1,1,0,1,1,0,0,0,0,0,0,1,6,2,1,9,5,2,1,2.666666667,NA,NA,"5E_7",c(652865.146223155, 6860037.13467569),14996,"75113","751134907","75","Salpêtrière 7","H",33600,2042,1834,208,318,62231,2386,8523,14,27174,0.368,2.1
"119","5e",8,0,0,"1","Even","June 2024",1,1,1,1,0,0,0,0,1,0,0,0,0,0,0,1,0,3,1,1,5,2.5,1,1,1.5,NA,NA,"5E_8",c(652134.257382646, 6860415.63557402),14403,"75105","751051907","75","Val de Grâce 7","H",42960,2313,1948,365,468,121610,2143,24847,20,40773,0.616,1.4
"120","5e",9,0,0,"1","Even","June 2022",2,1,1,1,0,0,0,1,1,0,0,0,0,0,0,1,0,3,2,1,6,2.5,2,1,1.833333333,"Small pavemeny as irregular topography, with large spaces between one another",NA,"5E_9",c(651618.472330488, 6860263.13040461),14397,"75105","751051903","75","Val de Grâce 3","H",43540,2412,2077,335,434,62645,2139,5534,9,40773,0.616,1.4
"121","5e",10,0,0,"2","Odd","October 2022",2,1,0,0,1,1,0,0,0,0,0,0,0,0,0,1,1,3,0,2,5,2.5,0,2,1.5,NA,NA,"5E_10",c(652200.107054044, 6861280.21037617),14447,"75105","751052004","75","Sorbonne 4","H",38680,2959,2553,406,572,97722,2148,7843,8,40773,0.616,1.4
"122","5e",11,0,0,"0","/","June 2022",0,NA,NA,NA,NA,NA,NA,NA,NA,NA,NA,NA,NA,NA,NA,NA,NA,0,0,0,0,0,0,0,0,NA,NA,"5E_11",c(652277.737630429, 6860458.93120587),14404,"75105","751051908","75","Val de Grâce 8","H",38130,2881,2410,471,529,83097,2144,10418,13,40773,0.616,1.4
"123","5e",12,1,0,"2","Even","May 2025",2,1,1,1,0,1,0,0,0,0,0,0,1,0,1,1,1,4,0,4,8,3.333333333,0,4,2.444444444,NA,NA,"5E_12",c(653321.057766725, 6860503.80820424),781,"75113","751134908","75","Salpêtrière 8","A",NA,801,694,106,163,571958,96,99226,17,27174,0.368,2.1
"124","5e",13,1,0,"2","Even","July 2025",4,1,1,1,1,1,1,0,1,1,0,0,1,1,1,0,1,6,2,4,12,5,2,4,3.666666667,"The plants themselves are not obviously planted, but the context make them obviusly planted",NA,"5E_13",c(651846.582121294, 6859978.78985277),14388,"75105","751051902","75","Val de Grâce 2","H",43170,1696,1556,140,224,135896,2138,46173,34,40773,0.616,1.4
"125","5e",14,1,0,"2","Odd","May 2025",2,1,0,0,0,1,0,0,0,0,0,0,1,1,1,1,0,2,0,4,6,1.666666667,0,4,1.888888889,NA,NA,"5E_14",c(652454.510506718, 6861250.31776396),14284,"75105","751051704","75","Saint-Victor 4","H",43520,2929,2597,332,450,86848,2127,7953,9,40773,0.616,1.4
"126","5e",15,1,0,"2","Even","April 2024",3,1,1,0,1,1,0,0,1,1,0,0,0,1,0,0,1,4,2,2,8,3.333333333,2,2,2.444444444,"Same for the planted vegetation",NA,"5E_15",c(652404.508030955, 6861059.46776086),14244,"75105","751051701","75","Saint-Victor 1","H",38680,2226,1901,324,409,60480,2124,7978,13,40773,0.616,1.4
"127","5e",16,0,0,"1","Even","May 2025",1,1,0,0,0,0,0,0,1,0,0,0,0,0,0,1,1,1,1,2,4,0.833333333,1,2,1.277777778,NA,NA,"5E_16",c(652091.841644563, 6860700.65162225),14403,"75105","751051907","75","Val de Grâce 7","H",42960,2313,1948,365,468,121610,2143,24847,20,40773,0.616,1.4
"128","5e",17,0,0,"1","Even","June 2022",1,1,0,0,0,0,0,0,1,0,0,0,0,0,0,1,0,1,1,1,3,0.833333333,1,1,0.944444444,NA,NA,"5E_17",c(651656.708913262, 6860447.39894855),14400,"75105","751051904","75","Val de Grâce 4","H",52690,1917,1622,295,308,61787,2140,12190,20,40773,0.616,1.4
"129","5e",18,0,0,"1","/","July 2025",1,1,0,0,0,0,0,0,1,0,0,0,0,0,0,1,1,1,1,2,4,0.833333333,1,2,1.277777778,NA,NA,"5E_18",c(652334.470871618, 6860039.25096511),14333,"75105","751051803","75","Jardin des Plantes 3","H",37280,1866,1633,233,299,57918,2131,7550,13,40773,0.616,1.4
"130","5e",19,0,0,"1","Odd","June 2022",2,1,1,0,0,0,0,0,1,0,0,0,NA,0,0,1,1,2,1,2,5,1.666666667,1,2,1.555555556,NA,NA,"5E_19",c(652224.3060754, 6860921.9533962),14422,"75105","751052001","75","Sorbonne 1","H",35120,2535,2234,300,432,105565,2145,7135,7,40773,0.616,1.4
"131","5e",20,0,0,"1","Even","July 2025",2,1,1,0,1,0,0,0,1,0,0,0,0,0,0,1,0,3,1,1,5,2.5,1,1,1.5,NA,NA,"5E_20",c(652317.712200986, 6861124.67613648),14284,"75105","751051704","75","Saint-Victor 4","H",43520,2929,2597,332,450,86848,2127,7953,9,40773,0.616,1.4
